zip,population_size,kappa,nu,avgsh,sdsh,lon,lat,h_crowding,w_crowding
10,469375,7.425251845,0.164578314,0.008936108,0.005808882,-72.57168889,42.26724603,91.39994304,777.550548
11,168835,5.971375543,0.254355993,0.008883301,0.005760756,-72.55006923,42.10807692,83.18740728,1605.207985
12,130689,4.906141473,0.259629782,0.008629125,0.005624054,-73.22594688,42.34145625,69.24081744,375.2965109
13,83111,5.043539397,0.322671422,0.008685087,0.005662837,-72.57722069,42.5946,54.56841495,201.3814278
14,211812,6.421729052,0.188721905,0.008618642,0.005592578,-71.78675455,42.58431364,140.6759605,346.4901597
15,373719,7.648299083,0.087895361,0.008425306,0.005418952,-71.82691556,42.2213,166.0909369,576.92348
16,188402,6.630617381,0.090248072,0.008352749,0.005384712,-71.82541818,42.26624545,182.0235825,1737.443165
17,379027,7.039945106,0.141562786,0.008584425,0.005510762,-71.45004444,42.34831852,155.3685486,914.876427
18,713126,8.919058472,0.080978869,0.008438368,0.005420318,-71.2063125,42.64359063,150.2408988,1033.141357
19,476314,6.722009221,0.134909103,0.008588542,0.005542398,-70.90104839,42.61158065,169.6709641,847.4905928
20,400371,6.456882518,0.213988069,0.008862395,0.005619332,-71.14536538,42.15310385,150.7424928,675.7957643
21,1283942,9.216713007,0.113692894,0.008495155,0.005412697,-71.06524038,42.33539615,135.3792394,3461.676885
23,441063,6.684486679,0.253055263,0.008705673,0.005425707,-70.91105385,42.02551154,189.9890856,531.7177339
24,408771,7.913596272,0.129123837,0.008566989,0.005479656,-71.21751481,42.35115926,93.79933222,1184.364451
25,116621,5.059758639,0.366779984,0.008637367,0.005119823,-70.54158,41.588812,88.23777243,244.6302867
26,147883,4.501155315,0.329296574,0.008502801,0.005018002,-70.17489189,41.73549459,109.9510391,297.9078282
27,526336,6.465441147,0.231601597,0.008772345,0.005384628,-71.07524722,41.75509722,160.6333137,477.7789656
28,672977,7.597030912,0.228360161,0.008684549,0.005418752,-71.53358667,41.67107667,66.45006632,518.0183793
29,379604,7.230487946,0.283580979,0.008611025,0.00538207,-71.43277647,41.81847059,67.51183345,752.4039457
30,377547,6.315239587,0.134538223,0.008526447,0.005538008,-71.50824412,42.88399412,102.1673743,614.2057892
31,148310,4.299265813,0.345851231,0.008395425,0.005456469,-71.4611,42.99184286,122.324991,750.2928678
32,187843,5.71608225,0.328732669,0.008282547,0.005467607,-71.65587759,43.5219,62.83663147,210.1223894
33,61385,4.288989836,0.368411002,0.00843916,0.005545405,-71.550575,43.2528,116.236514,752.3743574
34,83919,4.670840305,0.351981803,0.00855813,0.005636968,-72.207084,42.917376,57.38956524,294.4409743
37,77452,5.449915288,0.253700446,0.008260077,0.005567022,-72.12758077,43.69826538,58.34866165,1289.500549
38,320300,6.686517784,0.109139585,0.008204316,0.005331637,-71.06268636,43.40466667,90.35322649,466.5238991
39,48241,4.612941086,0.295430539,0.007975076,0.005141071,-70.70109091,43.19878182,36.62189762,273.4437667
40,336449,5.595081536,0.232121437,0.007637281,0.004946017,-70.53438387,43.74766452,69.60957419,346.8075106
42,176789,5.091997495,0.441437596,0.007470729,0.00495077,-70.39352449,44.33260816,84.76005007,430.6638316
54,233934,5.014856124,0.174308381,0.007926275,0.005479412,-73.04610833,44.60736042,101.9889427,995.4178834
57,82488,4.056526924,0.570561315,0.008196039,0.005497218,-73.04329737,43.66895526,47.76251171,338.8158794
60,673064,7.045626183,0.167819731,0.00908568,0.005783624,-72.8237069,41.86393621,112.7560517,814.2031129
61,296589,5.768721103,0.364798023,0.009165886,0.005822194,-72.69423333,41.75550667,116.9787937,2059.106895
62,167357,5.191602868,0.304928166,0.00888379,0.005567731,-72.10690313,41.80305938,94.87217089,862.2130125
63,268711,4.970044934,0.206412617,0.008676789,0.005281086,-72.03754571,41.50635429,110.2081459,1921.312472
64,718727,7.502149537,0.103467415,0.008976368,0.005622153,-72.749375,41.43546923,135.7843148,577.6736552
65,289828,6.296272603,0.19678089,0.008834825,0.005504518,-72.93565,41.33794167,147.2075191,3677.364053
66,239121,6.44731689,0.167096715,0.008767141,0.005452185,-73.19225,41.20607,109.7380632,1314.465362
67,333407,4.826776776,0.335439965,0.008986676,0.005693535,-73.19470541,41.64412703,124.8080737,530.0165568
68,465043,7.722165405,0.126608253,0.008899622,0.005542246,-73.44636923,41.18845769,101.3190128,625.9989796
69,122486,5.904664374,0.176715499,0.008845027,0.005472689,-73.53988333,41.08486667,144.9062461,985.2551294
70,1683417,10.06329036,0.05100493,0.009205672,0.005679509,-74.23188608,40.75856582,118.5868846,796.5932507
71,395427,7.364980545,0.110751263,0.009182958,0.005663059,-74.18529167,40.745,131.6726374,1785.225036
72,180747,5.56750853,0.13695483,0.009144079,0.00564375,-74.22115714,40.66861429,133.0256287,1210.175516
73,247530,7.403722175,0.067970644,0.009060223,0.005577387,-74.05711429,40.72418571,172.2911389,1868.493309
74,461073,7.85200355,0.097795353,0.009356203,0.005818516,-74.30134211,41.04587105,126.6541001,592.2877309
75,198394,6.98035602,0.103158717,0.009278903,0.005736888,-74.168575,40.92185833,109.5134129,1385.632288
76,492005,7.972875761,0.048185107,0.009139543,0.005627266,-74.01607692,40.93013077,79.48844354,1241.462763
77,601195,7.168582433,0.120603309,0.00920534,0.005611062,-74.0970878,40.31596098,142.8699477,577.1476741
78,360638,8.009673162,0.081403055,0.00950276,0.005942142,-74.75075814,40.93206977,154.1483304,504.6735605
79,256139,7.118157034,0.080200448,0.009595206,0.005949168,-74.51624828,40.74004828,151.3034859,1598.85305
80,1162373,7.988667223,0.095267863,0.010155323,0.006170734,-74.98408837,39.82136628,97.57694874,619.9907724
81,158692,5.069504162,0.318258584,0.010055631,0.006147264,-75.08504444,39.93258889,61.05846181,806.2730893
83,242236,5.717724578,0.224280665,0.010191056,0.006041516,-75.02719394,39.42641515,113.0355398,479.1955946
85,310165,6.847185573,0.161674777,0.009839715,0.006029431,-74.64230333,40.25937333,155.6644865,1054.496446
86,270100,5.2815829,0.262879451,0.009937869,0.006083157,-74.70525333,40.19752667,120.8777118,12037.41505
87,453860,7.820003737,0.009909854,0.009588193,0.005816031,-74.152448,39.986456,163.8641207,483.6114083
88,898011,9.079102393,0.138255406,0.009586131,0.005910064,-74.62603818,40.54264182,144.689214,909.066662
89,110358,5.788566999,0.298153555,0.009480382,0.005819089,-74.4516,40.47453333,157.9240861,2883.245687
100,1502501,10.24143727,0.050358147,0.009193873,0.005634032,-73.97225476,40.76918571,451.5323484,5743.076716
101,62248,5.589847303,0.172274329,0.009050803,0.005539213,-73.97495455,40.75970909,494.3622905,4630.589133
103,468730,8.348646966,0.141362605,0.009075882,0.00559588,-74.14984615,40.5876,263.3999561,547.9145716
104,1382480,9.721069905,0.090665197,0.008979929,0.005502202,-73.878344,40.848868,351.7320654,2193.236574
105,646012,8.908505879,0.026095853,0.009028637,0.005615547,-73.77416557,41.19326393,215.0605724,496.9174818
106,81120,5.112350509,0.190789385,0.008983872,0.00558392,-73.77001667,41.0366,217.7440338,991.3472852
107,227049,6.389559878,0.079326528,0.009001442,0.005534437,-73.85423333,40.95055556,235.3969218,823.9616934
108,85822,4.989048612,0.188931858,0.008954955,0.00551261,-73.78985,40.91565,191.9926476,614.8903352
109,537311,9.365820745,0.04937772,0.009320079,0.005824456,-74.16601186,41.26462542,157.2210479,526.8181729
110,246333,7.472880245,0.117189207,0.008911443,0.005439514,-73.71066429,40.75391429,145.5619645,5667.292453
111,204715,6.372490955,0.09398984,0.008985867,0.005497081,-73.92782857,40.75905714,221.18469,1115.796018
112,2504700,11.48336797,0.026875942,0.0089775,0.005491464,-73.95652162,40.6528,260.7455428,39588.00045
113,1170817,9.409752703,0.065705529,0.008926374,0.005445967,-73.83148148,40.7525,204.8876628,1124.737534
114,728928,8.703779279,0.07774505,0.008929621,0.005442048,-73.79995385,40.69073077,179.7718953,3657.527929
115,720600,8.200736509,0.079931388,0.008885373,0.00540231,-73.63652,40.70788,164.9392815,1729.958713
117,1565949,10.04738882,0.055885975,0.008878849,0.005380756,-73.23372597,40.80522338,176.0494871,1279.162413
118,72690,5.718440131,0.146967809,0.008859842,0.005376633,-73.48496667,40.76766667,120.2692165,831.8412792
119,249449,6.403010964,0.166882011,0.008975281,0.005371256,-72.550425,40.92802955,157.0332278,424.0659858
120,330854,7.307053267,0.133393012,0.008866641,0.00581425,-73.94309091,42.68832121,86.92275317,449.7380752
121,280446,6.292719845,0.213874851,0.00876518,0.005709218,-73.93810735,42.68538971,87.4508214,523.562593
122,151022,5.522030538,0.281314885,0.008759241,0.0057157,-73.78590909,42.67223636,124.6544618,2394.288995
123,162643,6.944410581,0.112340062,0.008867193,0.005811248,-73.9399125,42.8062,83.12215018,874.7074202
124,154261,5.004260981,0.399505409,0.009029457,0.005819979,-74.21069024,42.08508537,86.69652483,281.0975431
125,448672,7.547747239,0.087791334,0.00938343,0.005947698,-73.84399032,41.77949194,142.2931653,481.9979239
129,164172,4.711975929,0.399406464,0.0078226,0.005485363,-73.91430845,44.54700986,57.21702633,358.4148068
130,388436,7.292045536,0.177150661,0.008245263,0.005278133,-76.184996,42.980962,92.06380342,569.9429595
131,180039,6.026659551,0.245554063,0.008120213,0.005239208,-76.24001042,43.05737708,66.21214732,567.5393834
132,229807,6.891617009,0.151141851,0.008335166,0.005312497,-76.15121875,43.05164375,104.0081741,1401.866197
140,444874,6.161812686,0.333915691,0.00803069,0.004891015,-78.63840175,42.79638947,92.2791182,480.3141077
142,564824,7.818662441,0.137362438,0.007986103,0.004865004,-78.82842857,42.91345,106.4476796,1279.716819
148,283720,4.719877954,0.471543513,0.008573774,0.005445971,-77.14109054,42.30366486,58.14292445,1269.72201
150,448172,6.234097317,0.258624692,0.009350608,0.005327134,-80.06489718,40.45719577,116.0858762,625.0833111
151,365418,7.064820363,0.216841865,0.009388988,0.005343281,-79.92492963,40.4204037,132.8910696,738.1377832
152,687276,7.811128381,0.174499848,0.009373583,0.0053368,-79.97849756,40.44555122,91.7954831,2189.151549
153,183946,6.171922842,0.231485563,0.009191871,0.00526745,-80.16727037,40.02939815,90.51142986,501.6757881
154,144974,4.141518963,0.349611667,0.009451794,0.005331779,-79.75818806,39.95880299,55.40413794,277.4776885
156,311573,5.97977426,0.183738275,0.009333365,0.005343942,-79.53596429,40.31419286,91.85337777,404.5019947
157,112058,5.154239625,0.194451701,0.009535157,0.005518898,-79.02345,40.72699667,49.1143909,307.7320197
160,193259,4.919372917,0.237858689,0.009220853,0.005343401,-79.88882571,40.92472571,126.7851384,636.3738405
161,223194,4.793904395,0.357371188,0.009254462,0.005413774,-80.3510439,41.16676341,70.69147604,247.682423
162,88423,3.847419806,0.677815692,0.00901416,0.005280571,-79.37938947,40.98757632,55.48900543,216.5744101
164,130386,4.243025679,0.424335251,0.008257046,0.004879181,-80.02534194,41.88757097,47.03579418,192.6880564
165,187498,5.395784938,0.350902063,0.008139476,0.004789974,-80.06092308,42.11173846,67.75263092,669.7924634
166,207861,4.811608179,0.527338306,0.009123327,0.005483876,-78.34414375,40.45898438,81.20883048,309.4233504
170,614895,6.917932326,0.275910919,0.00978557,0.006029161,-77.04095465,40.40125581,79.92026175,1339.206946
172,205144,5.956099853,0.305338155,0.009684347,0.005820925,-77.76838431,40.00106667,64.25881194,326.5297683
173,335600,5.804558805,0.389574939,0.010231618,0.00624009,-76.84303778,39.89903556,92.83160448,432.1285887
175,324354,6.518748365,0.318628997,0.009987064,0.006159988,-76.24467907,40.04403023,96.66795245,420.626255
176,164596,5.703275914,0.305643457,0.009951015,0.006101899,-76.2989,40.057825,118.9590694,786.1956781
180,532190,5.877066978,0.29815351,0.009634022,0.006023978,-75.46297091,40.63597636,76.07904461,986.5045616
183,179674,5.209375315,0.37217691,0.009152435,0.005792133,-75.23668919,41.08576216,86.39384385,370.2775656
186,178420,5.691334225,0.301311321,0.009071382,0.005732797,-76.064125,41.32004444,58.59181809,413.4314277
187,133136,5.733664585,0.175091572,0.009094054,0.005751427,-75.8884625,41.241125,86.07603612,765.8645539
189,366032,6.241490075,0.163394594,0.009796683,0.00601485,-75.16139143,40.34758286,137.4234162,495.9262034
190,1119638,8.470012915,0.117213323,0.009941603,0.006058646,-75.21102687,40.01425075,110.8213064,966.8180897
191,1526206,8.802978392,0.097206468,0.009973446,0.006081817,-75.14805918,39.99648163,92.20988597,2339.9996
193,432250,5.993405302,0.16105253,0.009826906,0.0059575,-75.72431818,39.93771818,137.6992467,1020.340061
194,513490,6.702771558,0.136986817,0.009848014,0.006014275,-75.4264,40.1866871,139.6999389,1112.041625
195,217494,6.043472733,0.202458628,0.00975783,0.006008565,-75.88727674,40.40927674,87.95072445,834.6329464
196,213013,5.35000172,0.250131596,0.009834954,0.006078402,-75.94613,40.3374,87.65184243,874.3977846
197,317868,6.343035922,0.185903537,0.010091388,0.006048297,-75.65156316,39.65093684,132.6642394,1429.801311
198,215619,5.114248778,0.272357929,0.010014723,0.006031127,-75.56769,39.76221,68.04591543,727.0958615
199,364438,6.682322957,0.252057456,0.010385388,0.005985341,-75.43502105,38.84079737,84.01598116,595.4360368
200,599660,8.545077192,0.045696701,0.010641808,0.006189429,-77.02547778,38.91075926,118.9228073,898.8061126
201,840155,8.860022935,0.137892227,0.010930441,0.00636954,-77.6034383,38.91980213,209.8866198,1763.695873
206,336255,7.639591051,0.087128742,0.010666538,0.006190286,-76.71933898,38.39403051,168.51734,375.7033836
207,962250,9.646083972,0.091649927,0.010575163,0.006152474,-76.79975769,38.92081346,157.3590804,1438.113585
208,673979,8.926785723,0.081643783,0.010550035,0.006177206,-77.16881892,39.12024324,177.4946572,2544.391244
209,306902,7.75796608,0.054345865,0.010600921,0.006194526,-77.0120375,39.0419625,159.2392289,799.1998136
210,722965,8.49080866,0.109593911,0.009974144,0.005962936,-76.55425106,39.3559,249.8354419,1256.193705
211,455793,7.981922377,0.099800263,0.010077401,0.005982844,-76.63879667,39.42266333,205.9087659,612.9320912
212,1198635,8.997427021,0.142922624,0.009950526,0.005956453,-76.6051275,39.3153325,115.8160831,1678.04236
214,92106,6.302084398,0.119808757,0.01011461,0.005963067,-76.50298,38.99268,189.2207106,2249.797543
215,104484,5.661939249,0.266172254,0.009700939,0.005612493,-79.02661739,39.58283478,44.05468694,239.4119063
216,169948,5.933257229,0.173735801,0.010497489,0.006129585,-76.05215,38.8485431,56.46701368,220.9766781
217,470957,7.239610429,0.144596318,0.010332767,0.006120063,-77.48293636,39.48400182,145.9596156,431.4148506
218,178170,5.853105951,0.189293514,0.011257302,0.006266683,-75.61946579,38.27003158,64.09583976,334.6497837
219,101117,4.826343687,0.328161131,0.010019334,0.005974997,-75.95843125,39.561875,78.72092604,193.0916984
220,478575,8.518399059,0.066570474,0.010950874,0.006368444,-77.25488421,38.81084211,192.2254877,2395.671748
221,437370,7.530152673,0.108159791,0.011019361,0.006419837,-77.27412941,38.77721176,189.1789523,7091.291171
222,208058,5.615974991,0.136756848,0.010714026,0.006223199,-77.09989091,38.87737273,151.3044575,1241.848612
223,321490,6.421741316,0.132114655,0.010816665,0.006286403,-77.09469286,38.79081429,228.5376099,9458.226709
224,212145,6.586508394,0.20935655,0.01162355,0.006607478,-76.97867826,38.07324783,124.6876246,767.3776302
225,187911,6.160711666,0.338152742,0.011654277,0.006617915,-77.05917778,38.03667778,107.9626804,962.5358186
226,182874,6.267493402,0.16823973,0.010980443,0.006397629,-78.22885862,39.01557586,129.4643513,543.9017921
227,78238,5.358050149,0.553338787,0.011840907,0.006750531,-78.0553303,38.47418788,109.7805602,290.2553423
228,163586,5.161246561,0.595504632,0.011115242,0.00637999,-78.82218214,38.57768929,99.35518577,827.120345
229,251990,6.638966815,0.407252658,0.011457201,0.00645175,-78.60007105,38.01200526,125.3250651,1746.343533
230,220092,5.745143337,0.444053951,0.012270194,0.006668472,-77.14719792,37.60561458,132.2432609,1055.81238
231,360996,6.442334378,0.445069612,0.012246085,0.006618726,-77.09223617,37.57693191,150.3119243,878.0292542
232,536907,7.360419155,0.355712643,0.012367852,0.006671785,-77.48589048,37.5453,130.0144279,1783.114234
233,254189,5.457117125,0.486190989,0.0117457,0.006087658,-75.93206333,37.39543667,148.9924056,1197.901423
234,568313,6.349215347,0.454540359,0.01163181,0.00600151,-75.98897111,37.29673333,169.5010153,1548.581812
235,242803,5.149189187,0.418003186,0.011629248,0.006046261,-76.27344286,36.88637143,133.1489863,1825.096579
236,383702,6.927672952,0.418426676,0.011853286,0.00620063,-76.43899524,37.0994619,160.5110515,4705.39178
238,339999,6.541920208,0.441139279,0.012837587,0.006769321,-77.41090182,36.96752182,127.81493,989.0931083
239,107506,5.544102316,0.761628368,0.012344229,0.006541859,-78.41336857,37.01220571,39.97622053,222.5322473
240,355191,5.366543963,0.562147174,0.010447346,0.005566656,-80.08789268,37.13044878,84.65350763,1177.18824
241,230435,5.233474748,0.579399343,0.010539702,0.005604352,-80.1412125,37.1010175,67.65235863,529.3192552
242,196742,6.306594374,0.364738215,0.010357463,0.005304182,-82.47325909,36.85682273,40.96332101,291.45808
243,153553,5.55756767,0.588651019,0.010233373,0.005347226,-81.11836154,36.83781538,45.2639914,456.031856
244,142810,5.772504768,0.35491264,0.010594094,0.005900406,-79.37373571,38.07299048,78.22750012,534.1989046
245,378568,6.345152312,0.610005388,0.011202461,0.006015854,-79.13136909,37.14177273,80.55228706,527.6013689
246,71506,6.114201248,0.270668218,0.010092488,0.005254512,-81.79485385,37.20647308,49.79476804,260.0188028
249,53365,5.224097215,0.615362983,0.010328202,0.00547811,-80.39210625,37.8762625,36.43246934,268.4756535
253,116525,4.603353084,0.59849789,0.010982111,0.00590123,-81.62879231,38.3597,74.90009487,761.55171
254,177989,6.111460021,0.222282865,0.010464026,0.00624246,-78.06627391,39.41008261,54.62693002,430.4743781
255,141437,5.263751273,0.624651819,0.010474421,0.005636271,-82.16785897,38.2876641,72.68492447,201.5531242
263,89622,5.088980279,0.261416935,0.010034555,0.005578441,-80.53573871,39.19527419,40.38578598,289.674897
264,58002,4.570878452,0.334906872,0.010040189,0.005575695,-80.38993929,39.24053214,34.73699121,307.1718404
265,176585,5.491942304,0.438619553,0.00979094,0.005459558,-80.12957273,39.57346061,64.49317694,1511.544335
267,55633,4.710812613,0.322096526,0.010078541,0.005840229,-78.97946522,39.34347826,28.35818728,178.842312
270,288379,6.631535482,0.39410281,0.011298477,0.005787637,-80.39832059,36.24616176,102.7479277,420.9729007
271,250944,4.575396199,0.59951388,0.011431136,0.005798874,-80.26207778,36.09206667,143.8791208,1631.808933
272,582451,8.397454676,0.42818101,0.011861149,0.005986315,-79.67751316,35.90285526,113.6512783,456.538389
273,379064,7.388730311,0.50912932,0.012099753,0.006064182,-79.58542424,35.93151515,107.587613,381.1222798
274,305168,4.208988711,0.833938242,0.011743762,0.005959118,-79.82516667,36.08528889,147.2506156,1111.634217
275,1058564,9.493802137,0.247960863,0.012813875,0.006331077,-78.58522462,35.88233231,143.9668309,1627.079107
276,489514,7.55558622,0.254386456,0.012793388,0.006327554,-78.65035333,35.82690667,186.7544021,12263.3088
277,256789,5.466587421,0.579556526,0.012456193,0.006232911,-78.8904125,35.986975,167.927319,7628.961223
278,551818,6.841906003,0.44410873,0.013033775,0.006373691,-77.4068358,35.9091679,98.74248364,1075.385537
279,198549,5.73341079,0.39766796,0.012366484,0.006142253,-76.17848596,36.0895807,81.8403113,244.5648198
280,670375,8.32205375,0.481759573,0.012156938,0.006025811,-81.00937556,35.36640889,113.2306338,563.0860654
281,587680,7.667431268,0.409187133,0.0121924,0.00602876,-80.73905476,35.28665952,125.7753329,561.9146469
282,790689,7.951841,0.354711398,0.012219069,0.006037362,-80.82956296,35.20561852,201.2491959,2225.554853
283,830311,9.026349486,0.342334548,0.013339269,0.00635616,-78.96699296,34.98401127,85.85372622,664.5555668
284,469770,7.236846345,0.303996641,0.013234488,0.005886625,-78.23221455,34.31499636,107.7838763,573.7875374
285,496714,7.26098067,0.315903935,0.013299403,0.006107119,-77.07560492,35.00711967,109.4380612,478.7170293
286,632489,8.210419506,0.314204078,0.011347069,0.005791042,-81.3591961,36.08857922,103.9320942,457.016619
287,537926,7.211275076,0.508419814,0.010714579,0.005183153,-82.73232,35.44350143,106.7807311,351.2666666
288,120389,5.01419,0.485216802,0.010893828,0.005305356,-82.54892,35.5942,133.604259,895.8490702
290,419528,6.867485003,0.382663942,0.013839941,0.006326091,-80.81480816,33.96103878,115.1530833,736.7745091
291,371640,6.714193973,0.344252142,0.01396653,0.006395723,-80.88688085,33.88127447,65.27237979,682.6815172
292,333497,6.476009505,0.369800917,0.013759727,0.006291533,-81.00160714,34.03152857,129.8652822,1354.956693
293,392169,7.370407452,0.522267355,0.011788156,0.005767608,-81.91046,34.84524667,98.34030133,751.9164333
294,731510,8.495118767,0.307655363,0.014440899,0.005982882,-80.13155893,32.96149643,138.5123591,1381.007187
295,635161,8.075576642,0.359532488,0.013245715,0.006001434,-79.42674107,34.07275893,100.1041318,639.5923943
296,957307,8.407575105,0.39749925,0.011857256,0.005758684,-82.57896769,34.67650769,103.5181561,1061.996659
297,352010,6.894172241,0.513778657,0.012601404,0.006142961,-80.934328,34.862208,71.54684918,468.7679938
298,221822,6.162915224,0.39402976,0.01391015,0.006264246,-81.79751389,33.54707778,60.25021888,662.2803319
299,210720,5.661150677,0.320890576,0.014889908,0.006124827,-80.93676774,32.53816129,118.0628131,397.4459073
300,2177710,11.03892074,0.305623035,0.012671983,0.005979459,-84.158205,33.86625667,292.3263227,1251.379971
301,1182325,9.068382836,0.39924887,0.012916272,0.006030064,-84.83625263,34.00709298,224.0117642,542.5691765
302,1001003,9.514861393,0.171524131,0.013290558,0.006016547,-84.46099444,33.31931852,214.3412935,591.5416247
303,900273,8.258608528,0.257397081,0.012754544,0.005957766,-84.3843175,33.7976,218.3249514,3863.992677
304,224606,6.734045643,0.313837267,0.015432017,0.006408724,-82.13468409,32.42320909,55.30576288,415.9794533
305,627296,8.119771956,0.334586659,0.012250006,0.005869659,-83.71318667,34.53047667,201.8969431,585.5145499
306,384038,7.263950856,0.425474124,0.012822671,0.006139288,-83.24813256,33.87382326,122.8187385,1497.075921
307,367551,6.970452679,0.477499991,0.012820553,0.00601798,-85.11925161,34.7683129,89.13061288,442.7715015
308,187708,5.290206983,0.376054297,0.013856508,0.006248338,-82.34844091,33.33746818,150.9169944,367.338677
309,202193,5.622043814,0.404058471,0.013668007,0.006340547,-82.0500125,33.454025,148.1381568,957.9804285
310,541882,7.591183213,0.388896047,0.01465843,0.006390096,-83.45817073,32.57570366,85.14291887,599.0791763
312,165895,6.503500152,0.193116136,0.014136635,0.006251556,-83.65815,32.83755,110.0317155,1240.396445
313,204505,5.770530162,0.262255388,0.015476876,0.006200998,-81.40755417,31.94228333,135.3396834,1404.838385
314,236823,4.824303356,0.549986482,0.015593299,0.006271372,-81.11898182,32.04646364,158.6299552,1302.130249
315,334359,7.392106572,0.285953338,0.015643249,0.00588208,-82.12371111,31.3382,85.73755659,395.1888851
316,191534,5.578019326,0.578157659,0.016025531,0.006083025,-83.20214516,30.99509032,73.33739855,428.5998308
317,372879,7.433608462,0.548918613,0.01542955,0.006022078,-83.85228776,31.47989388,70.8021899,501.853815
318,86317,4.307233384,0.375538523,0.0142341,0.006083715,-84.71741111,32.52316296,139.1661835,480.3686481
319,189947,5.703619164,0.550169493,0.014120696,0.006013296,-84.94664286,32.47301429,154.8182222,627.2259422
320,598296,6.657564675,0.215096413,0.016018842,0.005574694,-82.19688222,30.16383111,232.7848338,762.6749179
321,564926,7.293491681,0.102075101,0.016386149,0.005105106,-81.42903333,29.30422857,138.3919941,655.3896162
322,903481,7.57716697,0.159692538,0.015656239,0.005520953,-81.62624571,30.29889143,271.032302,1995.370931
323,427215,6.467462306,0.263842197,0.015628481,0.005803774,-84.25935,30.31031842,119.3943439,1211.930832
324,340250,7.399267488,0.130116363,0.0151982,0.005572611,-85.53410227,30.51523182,80.65520962,499.240663
325,638512,5.898247772,0.251768233,0.015404479,0.005830961,-86.977205,30.55329,113.0699492,874.9197829
326,356708,6.692259536,0.609863137,0.016113092,0.005396169,-82.49119024,29.59294146,126.8851784,2994.486628
327,940101,9.549059316,0.10138187,0.017043296,0.005220563,-81.32841951,28.77822927,161.1916663,1674.826716
328,878243,9.468324789,0.072212709,0.017217532,0.005347169,-81.341175,28.5022875,299.5171708,9623.61384
329,615922,7.504778443,0.22304807,0.017145733,0.004804206,-80.615,28.03435152,184.266276,1323.287493
330,1611177,11.72154086,0.000278123,0.01769629,0.004131534,-80.41181,25.757792,237.8909533,905.889848
331,1857610,12.08766869,0,0.01758284,0.004084431,-80.29098575,25.76816551,NA,NA
333,765608,10.3693822,0.010039569,0.017337499,0.00415934,-80.23595556,26.1262,250.1177811,4213.013631
334,1427494,10.80725199,0.014528248,0.017068487,0.004065615,-80.19982982,26.62254737,205.3963822,1578.349784
335,709090,7.061392672,0.19163399,0.018141183,0.005320961,-82.26497805,28.12596341,234.296442,528.5004169
336,717255,8.322314278,0.144285061,0.017352432,0.005137445,-82.47966667,27.99729259,176.4161402,3244.542229
337,731863,7.775967822,0.079742243,0.016829763,0.005045982,-82.73416154,27.85845897,117.6524532,1911.223789
338,704015,8.285224288,0.105606995,0.017596791,0.00520651,-81.68286122,27.87742041,168.3063489,1554.54569
339,733439,8.700429889,0.09898867,0.017832897,0.004787464,-81.897108,26.696728,110.3316044,1284.341842
341,372792,6.947865865,0.223207686,0.017961791,0.004547465,-81.63872083,26.12417083,178.540387,877.3361746
342,754925,6.963401922,0.118045899,0.016941104,0.004833272,-82.41384348,27.30071522,135.5536175,840.6909307
344,428674,8.198255606,0.227883959,0.016783282,0.005425256,-82.32379091,29.01516061,113.7261394,861.1169021
346,651889,6.732802419,0.159072201,0.016897946,0.005145488,-82.60625152,28.30551818,230.4638597,1086.219419
347,602206,7.564838602,0.079369989,0.017324245,0.005224626,-81.59315484,28.47505484,221.787064,18416.28845
349,441300,5.684629788,0.125536687,0.017253027,0.004470986,-80.40712727,27.31645,153.9279106,796.7286122
350,442190,7.639781482,0.550365595,0.013495651,0.006018987,-86.71430702,33.5676,91.89532092,487.2487806
351,324773,7.111399524,0.683653366,0.013582851,0.006072011,-86.63746429,33.50117619,100.1282719,409.80179
352,493806,7.640372854,0.744862413,0.01354737,0.006039401,-86.80018667,33.50506667,112.2819892,1179.218221
354,225321,6.885130901,0.425080712,0.014839453,0.006485955,-87.7883625,33.111525,100.9423427,1072.303953
355,158109,5.473964797,0.874204945,0.013531455,0.006232015,-87.6622075,33.9750225,34.87905175,214.5394859
356,378351,6.386138253,0.569004562,0.013222564,0.006274144,-87.29729722,34.68689444,57.81062019,343.3460476
359,286562,5.842122514,0.386565546,0.013012868,0.006106971,-85.93785641,34.29439231,44.10360886,360.8652358
360,289167,6.892584637,0.319958372,0.014912334,0.006138534,-86.15828182,32.14160182,73.11281154,546.0930432
361,214703,6.36961228,0.327330592,0.015078682,0.006236951,-86.28008462,32.35989231,141.4199663,848.6603267
365,359724,6.345135421,0.452109172,0.01514491,0.005653433,-87.96317288,30.88684407,75.71323258,315.9878886
366,283461,5.819950787,0.603425772,0.015297336,0.005728634,-88.129415,30.68938,91.14270838,562.4855917
368,245035,5.478425963,0.477878704,0.014080153,0.006120567,-85.3535037,32.58598519,81.13566253,731.6037478
370,894222,9.111468989,0.32535482,0.012075807,0.006035225,-86.8599,36.12215938,149.973522,943.2932798
371,611406,8.782509653,0.321550246,0.012864535,0.006550544,-86.76145319,36.07330638,123.4735366,1516.802784
372,431336,6.236857569,0.312118399,0.012047411,0.006013089,-86.7919875,36.14641667,176.2170344,4635.327435
373,564574,7.760951854,0.414838213,0.012392459,0.00592352,-85.34935333,35.26070133,93.39537233,781.987819
374,198659,5.479638606,0.560415964,0.012745822,0.006078326,-85.28335333,35.04553333,129.6829334,1254.813468
376,411097,6.492144451,0.560738924,0.010892593,0.005533157,-82.33832121,36.36908788,69.85571881,947.757749
377,342737,7.234572391,0.626904462,0.011483474,0.005624799,-83.90735625,36.14476458,65.76853323,525.134025
378,523622,7.693172837,0.582568733,0.011475345,0.005620839,-83.80913966,36.09856724,79.99832513,729.8460147
379,391389,7.320441577,0.553041234,0.011712912,0.005733879,-83.98234444,35.96528889,160.7616715,1784.881154
380,419524,7.741386007,0.310743832,0.013239665,0.006543334,-89.437744,35.522678,86.2015365,381.4833623
381,737516,7.974657906,0.288823598,0.013132954,0.006309213,-89.93959667,35.11886333,84.48908149,2857.884651
382,116542,4.929689394,0.673806203,0.01252297,0.006476266,-88.71715714,36.27868214,44.55979832,330.8676812
383,288321,7.465542165,0.689155101,0.012941959,0.006402791,-88.49785254,35.58445085,61.96499939,689.9211694
384,178359,5.772139777,0.699874304,0.012854661,0.00627627,-87.30655,35.29299118,56.20524991,674.2559593
385,230638,6.436242195,0.532252185,0.011428919,0.005692252,-85.41716222,36.19753556,61.39836255,431.2996236
386,406641,7.97691874,0.434420872,0.01337305,0.006384595,-89.80498519,34.58454444,51.89479439,543.4671586
387,118509,5.784335717,0.646781153,0.014451279,0.006439334,-90.81452195,33.56282439,48.87732668,276.7058762
388,261085,7.103957858,0.544420132,0.013677119,0.006329706,-88.61114,34.3366,40.99123806,531.184112
390,275011,6.218643803,0.791587311,0.014984865,0.006140734,-90.16495143,32.48690857,87.08545299,757.8070225
394,371436,8.086673081,0.498522862,0.015691489,0.005957394,-89.30163611,31.34416111,48.17787858,505.5323627
395,383267,6.633892166,0.560226968,0.015582253,0.005701539,-89.01001154,30.45695385,90.39532643,1088.712261
398,108867,5.697464957,0.504774028,0.015652192,0.006030417,-84.64731667,31.34512667,29.58174886,135.4446506
400,246399,7.066837661,0.374192332,0.011021507,0.005842354,-85.32091429,38.1188551,127.2057222,468.7385934
401,144521,5.139485419,0.53580238,0.011709089,0.006345718,-86.16737419,37.86648065,126.7570826,868.3142658
402,736284,6.850386569,0.318385291,0.011071826,0.005820429,-85.69214848,38.20935152,114.9097155,2555.617621
403,330185,6.107271533,0.421961859,0.010848975,0.005740818,-84.18748158,38.04034474,98.22772651,963.5276042
404,183772,7.71978196,0.261561078,0.01104168,0.005771749,-84.41876,37.49276,89.24827147,769.942722
405,296965,5.264791782,0.502075818,0.010846229,0.00571529,-84.49216667,38.02867333,192.4724248,2770.671403
407,106459,5.130713683,0.280093567,0.011357018,0.005769564,-84.08125833,36.95386667,81.61122934,542.6827571
410,492255,7.682758073,0.300160629,0.010678083,0.005864758,-84.43042182,38.79374545,158.7279105,669.2357857
411,138262,7.025614876,0.210961695,0.010565622,0.005747887,-82.96331154,38.38010769,52.08348682,392.4384628
420,222568,5.254525918,0.693873838,0.012197693,0.006424668,-88.57677347,36.91630204,40.85115453,406.9356884
421,215507,7.158944748,0.618966436,0.011659697,0.006063177,-86.04881071,36.87901429,83.08565276,647.0360345
422,156033,5.817394241,0.49482489,0.011960638,0.006261688,-87.00262414,36.92872069,68.82142413,369.3378069
423,170425,6.358758544,0.375209286,0.011619595,0.006240698,-87.02058,37.459575,67.12059674,508.9316367
425,78466,5.21216062,0.486989987,0.011736954,0.006060346,-84.72007857,37.15310714,62.02903238,391.5058936
426,65977,4.399706329,0.745033754,0.011731041,0.006088104,-84.70275,36.78039167,49.78632725,302.3591221
427,179898,6.138292465,0.531595229,0.011236542,0.005908432,-85.76430303,37.34884545,74.18345335,647.994708
430,783260,8.331744089,0.18141119,0.010001501,0.00569904,-82.91934655,40.17102241,129.0101123,1336.469523
431,411231,7.489399308,0.270267119,0.010513102,0.006072989,-82.89880435,39.68934348,116.2899148,558.6046549
432,760027,7.839426145,0.212187378,0.010019751,0.005708262,-82.98388276,39.99327241,125.2753264,2749.828785
433,182617,5.868054575,0.386527608,0.009786918,0.005636982,-83.40166757,40.52253243,61.99960816,1216.171711
434,163675,4.886830563,0.201758577,0.008955429,0.00531337,-83.2980439,41.45840976,75.37803031,633.5355252
435,294940,5.893676239,0.173314788,0.009395345,0.005666774,-84.134948,41.465732,70.35346959,565.3688962
436,345320,6.279215644,0.144841437,0.009229099,0.00553744,-83.56989412,41.66322941,74.235355,896.2491309
437,194158,6.007883874,0.242263984,0.010096462,0.005748395,-81.70289455,39.85708,66.03433764,296.5015876
438,64671,4.827910793,0.495054914,0.009898127,0.005636054,-81.87072941,40.2583,62.5772495,208.8240331
439,180124,5.336302657,0.370788795,0.009517539,0.005406255,-80.85539818,40.22360727,61.05055154,247.1721908
440,852918,7.741256728,0.189281389,0.008851095,0.005106212,-81.41104286,41.52367321,166.9803323,650.7071879
441,1214185,9.535060233,0.1345057,0.008831875,0.005082368,-81.66675625,41.45684167,153.373037,2915.469674
442,562429,7.367761575,0.254900964,0.009158384,0.005252981,-81.58677045,41.11705682,155.8894246,638.1722563
443,272134,6.232916383,0.334358935,0.009240569,0.005287598,-81.53532353,41.07324118,103.2049251,964.7372104
444,347112,5.623878838,0.307353667,0.009258346,0.005368969,-80.75711,41.095054,84.55429723,478.0982754
448,337313,6.474348665,0.372379882,0.008839422,0.005123138,-82.76316667,41.03329649,65.94667521,321.8707625
449,92985,5.067222297,0.367396834,0.009405037,0.005385656,-82.53174286,40.75185714,86.22708541,370.2968933
450,584158,7.735787085,0.244065255,0.010734825,0.005998651,-84.48142188,39.39279688,184.8582116,793.2345959
451,338046,6.832770628,0.223340081,0.010502207,0.005866,-83.92920213,39.11667021,162.848499,424.8500608
452,795220,7.402942567,0.227149768,0.010830353,0.006019767,-84.48768,39.17206889,167.367772,1339.863574
453,493607,7.187241142,0.28014607,0.009804897,0.005520817,-84.28004416,39.99412338,88.91465453,625.3148285
454,479994,6.653871706,0.267267957,0.010256767,0.00580392,-84.17693214,39.74428929,113.51768,1023.456527
456,350404,5.96600451,0.277786969,0.010488397,0.005886776,-82.82391129,38.93932581,64.92293366,446.2159841
458,369216,6.166015312,0.471773846,0.009698753,0.005668173,-84.19857848,40.81325063,55.68757523,461.0248882
460,514905,7.069998641,0.437563023,0.010231771,0.005904385,-86.04545227,40.14921818,118.5693882,813.9986763
461,525239,6.786260955,0.361884979,0.010340787,0.00588693,-86.15716441,39.63990678,99.06521394,461.4880066
462,910148,7.539788036,0.295053758,0.010270194,0.005851467,-86.14097838,39.80647297,120.3077946,2131.27775
463,664255,7.335874454,0.256107749,0.009483506,0.005668122,-87.16340909,41.44674091,67.07263715,751.5312172
464,135257,4.854163494,0.324989848,0.009613239,0.005736358,-87.33257778,41.56915556,44.57357096,1037.154478
465,476204,5.69176355,0.601669945,0.009517923,0.005740459,-86.04486739,41.45067391,68.40426713,992.2219899
467,328020,6.407990644,0.326404236,0.009597666,0.005777834,-85.19649661,41.19546949,61.72732565,412.80868
468,305409,5.998287363,0.345735285,0.009673158,0.00578955,-85.14309375,41.0798875,118.7891674,993.0026572
469,311593,5.075002742,0.413444567,0.01000839,0.005965226,-86.06917719,40.72858421,64.4642541,894.1626904
470,118347,5.202691581,0.311240354,0.010575763,0.005843747,-85.06124815,39.1707,53.91073452,279.7554068
471,290482,6.184586204,0.417241334,0.010981937,0.005872218,-86.00299318,38.39225227,72.40461906,352.341715
472,207251,6.595852444,0.351686247,0.010744282,0.005948833,-85.74567097,39.04415161,69.41633037,822.6480943
473,323571,5.116216375,0.557263902,0.010180463,0.005820451,-85.21679643,40.06957321,68.75701422,492.7984742
474,263378,4.706945514,0.434678983,0.011012655,0.006161797,-86.67731951,39.02819512,84.71036061,2412.592866
475,164098,6.380461772,0.349899398,0.011375045,0.006269268,-86.99296346,38.41483269,45.4616419,339.4503625
476,126713,6.912592227,0.378623668,0.0115928,0.006327182,-87.46969231,38.16133462,65.2568472,851.3547699
477,182901,6.096741968,0.392920843,0.011616452,0.006342954,-87.56425556,37.9994,97.30884124,835.890407
478,186479,5.125450514,0.302098253,0.010999103,0.006307374,-87.30543636,39.45444318,69.130864,429.8585637
479,304083,5.516028111,0.390049313,0.010405093,0.006116532,-87.06625469,40.43053125,88.03336115,1910.272706
480,1132536,9.162319971,0.193689801,0.008631886,0.005224296,-82.91121014,42.68412899,128.3539587,1572.616287
481,1551892,8.894470504,0.18933597,0.009046044,0.005486808,-83.50229714,42.21375571,135.4511863,5442.569527
482,925269,8.659406088,0.185516245,0.008625977,0.005173507,-83.09971795,42.37294615,67.93440417,3108.745317
483,969154,8.586559444,0.189748154,0.008733071,0.005267502,-83.32638846,42.62958654,171.6550082,1358.934822
484,459679,7.384704959,0.31985721,0.008890454,0.005481945,-83.28972241,43.24372759,128.8173987,283.439535
485,190175,6.278053121,0.453483258,0.008994709,0.005554711,-83.69733846,43.00736923,125.7656873,779.3830114
486,405455,6.925298307,0.307417695,0.008753059,0.005540191,-84.29711765,43.85854314,75.50645982,803.7631496
487,211123,5.689511634,0.34061061,0.008519068,0.005362143,-83.561236,43.942284,64.06679736,315.3696718
488,626901,7.243282025,0.305721511,0.009031434,0.005579083,-84.69704605,43.02460132,112.8983067,1526.03553
489,162150,5.689448915,0.230383071,0.009062133,0.005578793,-84.5657875,42.72735,114.2831266,10046.44884
490,744979,7.912272338,0.380730076,0.00923237,0.005619554,-85.57592051,42.20586538,89.11564513,766.8222454
491,109017,5.213903221,0.448941786,0.009266258,0.005544555,-86.43445,41.887825,68.26065556,263.7953077
492,351048,6.901929359,0.236382748,0.009229961,0.005663602,-84.32584211,42.04325263,98.79422677,589.3349392
493,323877,6.856230628,0.322383587,0.008755992,0.005368797,-85.5376881,43.2558,97.50846991,914.1468952
494,559083,6.891560026,0.339355352,0.008476685,0.005121339,-86.13825957,43.27377021,95.13967714,804.1963482
495,403004,7.361132594,0.250831202,0.008845872,0.005396283,-85.65445714,42.94222857,125.4813256,1906.542956
496,267504,6.078397548,0.442265463,0.008047716,0.005094776,-85.63578788,44.52795303,60.18696962,532.5393193
498,181944,5.30556503,0.420301464,0.007063432,0.004633883,-87.19228182,46.08020758,32.30963496,323.6949927
500,224717,6.373544645,0.426477105,0.009886674,0.006312965,-93.76209508,41.65464262,67.2265115,787.4957263
501,176519,5.573372715,0.374039136,0.009917954,0.006288021,-93.44862462,41.60225846,55.15091449,420.1507356
502,214162,5.397838574,0.521791226,0.009960553,0.006320339,-93.57301613,41.66160968,70.23602574,687.3675245
503,284867,5.005797055,0.556240794,0.009956236,0.006319369,-93.6488,41.59683529,103.4047516,975.8866842
505,123960,4.23770028,0.803444658,0.00945233,0.006191007,-94.44562222,42.75481667,29.91818603,201.6307915
510,87882,4.859553959,0.932277646,0.009550488,0.006137724,-95.90142642,42.59918868,29.2129225,225.2943876
511,85884,4.951329459,0.47423937,0.009763727,0.006247687,-96.3915625,42.5108625,54.64248959,268.4596836
512,44522,4.418146306,0.868150467,0.009249581,0.006039083,-96.04104,43.267055,31.43204828,149.3160407
513,46966,4.331603713,0.679488649,0.009224666,0.006062665,-95.09900087,43.28979394,NA,NA
514,46775,4.923571894,0.791949252,0.009858033,0.006304157,-95.08414426,42.09792342,NA,NA
515,148777,5.040126932,0.493394083,0.010187417,0.006338056,-95.56274444,41.46417593,48.07648828,224.4136576
520,141601,5.616551344,0.697704963,0.009490079,0.006052005,-90.9789525,42.492595,74.78128321,366.2632168
522,167983,6.125217187,0.584412366,0.010057345,0.006360335,-91.76144348,41.89536957,113.8661825,2586.595079
523,155051,5.032043141,0.759198108,0.009995689,0.006354506,-91.73155577,41.901875,82.88249905,366.7680344
524,134152,5.224396428,0.687377249,0.009944249,0.006317956,-91.67656667,41.9875,128.6814605,1655.157564
530,635834,7.699550652,0.256007063,0.008739271,0.005532861,-88.22189595,43.45658108,86.88374679,677.4303581
531,682423,8.131417362,0.209055152,0.008824494,0.005474416,-88.23626923,42.76239808,103.563833,537.0669469
532,817312,9.258586113,0.116936777,0.008602757,0.00534498,-87.96548333,43.05064667,92.44835145,1564.583653
535,541765,6.768364675,0.307889165,0.009207953,0.005883458,-89.60622625,42.94905875,82.52593593,664.8690319
540,147007,5.043682393,0.743001428,0.008462697,0.005782496,-92.485544,45.067056,43.80396813,191.1856839
541,250222,5.513219605,0.561767646,0.008212295,0.005431516,-88.24220377,44.88010377,65.55284598,503.6751259
542,128819,4.849220839,0.486095756,0.007930264,0.005133759,-87.55271923,44.58280385,49.92572965,250.1919076
543,179116,4.942940019,0.448353302,0.008297761,0.005437686,-88.02204286,44.50811429,104.4418802,840.1253937
548,179876,5.447842127,0.473961631,0.007864474,0.005440126,-91.64434355,46.03441452,22.57074127,209.4133475
550,664317,6.178621584,0.37738817,0.008509041,0.005803129,-93.02178261,45.03451304,94.05021505,381.6020349
551,753314,5.758657437,0.248112206,0.008480308,0.005767862,-93.10112188,44.94759375,127.8713667,1451.067444
553,952024,7.363749284,0.25717016,0.008466983,0.005742576,-93.88700349,44.97516512,116.4797685,948.4445715
554,1022298,7.421867839,0.246740538,0.008467753,0.005748048,-93.30675882,44.98327451,108.2357164,2366.354571
557,169140,4.647033308,0.715267833,0.007479053,0.005286161,-92.77402609,47.16640725,36.10969993,292.725002
558,116688,4.64827802,0.611934451,0.007333598,0.005138303,-92.13201818,46.81321818,64.08668127,1202.985027
561,91602,5.250172359,0.180560883,0.008837239,0.00586266,-95.66882388,43.90063881,20.58573467,419.1215259
563,308196,5.527730208,0.533371491,0.008396426,0.005763793,-94.65968857,45.77315714,64.46003645,670.7831248
570,173342,5.809962838,0.775481866,0.00897733,0.005883727,-97.0202,43.47806029,49.22732252,335.914031
572,72216,5.231560429,0.376774573,0.008560341,0.005802058,-97.11878214,45.03393929,24.2433499,238.3380608
574,59438,4.513753662,0.831237641,0.008578829,0.005780559,-98.75985102,45.35028367,26.8113185,275.6463705
587,86925,5.031302868,0.223431185,0.007531613,0.005200194,-101.5675734,48.34876719,37.46394344,243.6140107
600,1642603,8.934765587,0.256714401,0.009009906,0.00544183,-88.00865,42.23223281,154.1516534,1438.423192
601,1424003,8.894504663,0.252475139,0.009378839,0.005649829,-88.23689296,41.97450282,156.001024,1516.59101
604,1444968,8.238950074,0.198632924,0.009489716,0.005692247,-87.92315897,41.51640769,150.27219,1059.470168
605,1016821,8.574411347,0.155351204,0.009511123,0.0057264,-88.30902321,41.72748929,173.7780671,1211.15769
606,2680484,10.30323036,0.12436413,0.009092112,0.005413307,-87.67346786,41.86783036,109.8389371,5156.049038
607,108575,5.484772259,0.360334742,0.009123171,0.005467977,-87.791925,41.979925,92.59656837,909.7233219
608,154656,5.373179661,0.374120226,0.009074122,0.005373712,-87.707975,41.72075,73.56146219,568.0768412
609,168998,5.163696221,0.790600426,0.01001844,0.005988549,-87.95311132,40.82431321,67.58587403,495.1776758
610,313399,6.079198912,0.356310702,0.009447303,0.005887849,-89.52085303,42.20576667,59.4748065,418.1661287
612,214424,6.582236743,0.238058274,0.009995252,0.006252694,-90.33506429,41.49652619,64.48716954,483.9555676
613,152022,4.931139465,0.496371219,0.009821635,0.005930193,-89.21181311,41.34285574,61.05454434,236.5231859
615,207112,4.89638685,0.619238729,0.010271773,0.006142416,-89.69941087,40.69386304,77.47590027,602.4714786
617,234885,4.950197804,0.476731429,0.01047551,0.006236463,-88.92101321,40.50138302,98.29467619,2652.384848
620,307518,5.069983872,0.514199649,0.011551568,0.006481343,-89.99959342,39.066225,45.85626804,449.9725228
622,466933,5.912853605,0.441004852,0.011865163,0.006611278,-89.79730137,38.43323562,51.51879089,355.8536254
624,150643,4.89307624,0.486637231,0.01122607,0.00630614,-88.21700508,39.04403729,32.30912734,261.9431845
625,185430,4.664933171,0.593513008,0.010689439,0.006200208,-89.22586275,39.69945098,72.89104176,675.7840802
626,164019,4.16262469,0.634120871,0.010702201,0.006210226,-89.98624561,39.83210877,56.88214577,331.3954056
628,212201,5.143081117,0.558579831,0.011468646,0.00638687,-88.6811907,38.31640698,26.02400116,460.6460727
631,927396,6.105421547,0.680596958,0.011582144,0.006429373,-90.3003,38.6384,81.91944356,1472.218994
640,607108,7.574971184,0.416459685,0.011081197,0.006319463,-94.19704194,39.07822419,74.84262524,458.3481443
641,548195,6.636700208,0.324513823,0.010983404,0.006182374,-94.55229231,39.10348654,71.44873764,783.7588276
646,72241,4.872778252,0.84926196,0.010841604,0.006461916,-93.55510447,39.83195056,NA,NA
647,116565,4.690173594,0.716787613,0.011430117,0.006334386,-94.19972391,38.09955,30.11570338,197.591673
652,264168,5.303473182,0.48021981,0.011160178,0.006318861,-92.39433111,39.22056444,77.13221558,1378.28184
653,103329,6.385556226,0.466831613,0.011270538,0.006340054,-93.23539677,38.75783548,35.42484231,275.0785444
660,483180,6.340155155,0.557087177,0.011404922,0.006532141,-95.11621304,38.91641159,80.61379996,886.3313387
662,370212,5.621372565,0.41598149,0.011213613,0.006385838,-94.71160417,38.96067083,98.72223651,959.7888321
667,118458,4.303070928,0.778780633,0.012109061,0.006411348,-95.08093137,37.59376863,20.71753196,182.8325975
680,197293,7.37272445,0.210369793,0.010135497,0.00625816,-96.43263704,41.47589074,47.29988578,772.5160064
681,585187,6.954207655,0.349722579,0.010170505,0.00628077,-96.03459722,41.24368889,73.10312136,1042.854592
683,81902,5.670571387,0.386521401,0.010191488,0.006141914,-96.82034058,40.4612,30.30582897,237.0214917
684,71272,5.090342577,0.628048502,0.010224086,0.006225738,-96.60151455,40.54665818,25.6655639,165.1727594
685,266032,6.135767084,0.244866131,0.01026941,0.00625546,-96.6784,40.82188636,86.15364386,1325.326787
686,73807,4.612453472,0.449604615,0.009953555,0.006234651,-97.52873571,41.49262143,21.04926698,422.4088178
687,129342,5.005456176,0.562946942,0.009666389,0.006081534,-97.73612877,42.40661781,24.39322764,257.3666244
688,163815,5.62517031,0.526019761,0.009993161,0.006081133,-98.92707969,41.16299375,30.24433722,428.3783044
689,73550,4.878169541,0.487770712,0.010104648,0.006099239,-98.8270625,40.34392679,18.12841779,138.7951677
700,567009,8.567179952,0.237635671,0.015927167,0.005583374,-90.18295778,29.86712667,88.50409325,755.7496854
701,382333,7.199505827,0.279051312,0.015852949,0.005503005,-90.05627619,29.97223333,57.05777317,1132.426159
703,278180,7.028664666,0.699841594,0.016103536,0.005472761,-90.75519394,29.64893333,86.32130396,567.6879149
704,425107,8.274358384,0.154078666,0.016058291,0.005699973,-90.24482895,30.57807895,141.7652266,766.0998687
705,624275,8.310856712,0.603689784,0.016346284,0.005803383,-92.17876949,30.23972034,76.77466778,515.7704898
706,262716,6.668397049,0.310003678,0.016650028,0.005931403,-93.16310811,30.40787297,83.47311506,791.3961623
707,397413,7.574754328,0.345450844,0.016175568,0.005700627,-91.1989193,30.53156316,139.6953938,460.435364
708,378909,6.877720592,0.311687703,0.016180662,0.005708761,-91.10953158,30.44618947,177.8836804,1522.963316
710,182175,6.760720113,0.40070772,0.015174381,0.006323418,-93.48382,32.508418,65.87254608,188.1049784
711,300702,7.32620879,0.218698338,0.015052044,0.006274272,-93.75356667,32.45905333,96.45090759,759.6788257
712,336106,8.054410747,0.304747299,0.015544936,0.006515467,-92.02110851,32.56725532,70.43538533,457.445551
713,203101,7.213562332,0.181624074,0.016168445,0.006130096,-91.9565375,31.308125,68.47905969,542.9674277
714,194804,6.602826707,0.219211345,0.015970076,0.006203185,-92.83806296,31.55810926,53.7613096,339.0830611
717,108918,5.424388115,0.971291514,0.01477954,0.006496709,-92.78854444,33.49522963,28.43016016,209.370227
718,127884,5.676154123,0.386371111,0.014487418,0.006355872,-93.86571515,33.67156364,22.85421623,309.5911749
723,175089,6.29971939,0.554937424,0.013181636,0.006463732,-90.56018333,35.07031296,41.24273118,217.7520886
725,106530,5.598980036,0.727530754,0.012744899,0.006467852,-91.79719636,36.01297273,43.5002175,230.0779235
730,672136,8.049845178,0.37875594,0.012891631,0.006378297,-97.74485432,35.32952963,99.24045189,678.232682
731,640470,7.816994976,0.44348454,0.012766562,0.006225013,-97.52043023,35.47250233,108.055742,1414.565642
734,92308,5.176645204,0.670509668,0.014197373,0.006390035,-97.15791,34.22288667,39.31196243,294.6471311
735,213981,5.756982328,0.610913086,0.01339628,0.006203581,-98.76337872,34.52173617,41.42829136,418.1224616
736,59104,4.965790372,0.925414095,0.012637428,0.006036078,-99.26390938,35.51725625,27.34681591,133.9532316
737,108207,4.779132331,0.62365838,0.012815013,0.006400383,-98.1248,36.38986875,43.04922744,206.4816977
740,590019,7.657303683,0.452183528,0.013108561,0.006593004,-96.19487424,36.25439091,79.33515782,665.7544525
741,413574,7.001053486,0.396600721,0.013183372,0.006619474,-95.93579286,36.13533214,92.89639581,1702.743759
743,130157,5.446738392,0.743819491,0.012610937,0.006392018,-94.97941667,36.52633667,29.52247812,145.5409187
744,225119,5.499541832,0.552878641,0.01335653,0.006585605,-95.46083721,35.63955349,34.57594761,356.445965
745,87042,4.141210581,1,0.013659,0.006340388,-95.69881282,34.64222821,27.82063926,154.9434014
746,56528,5.197710542,0.684513121,0.012575656,0.006405786,-97.15195556,36.69512778,39.28403428,243.4473546
748,198790,5.869082665,0.525849469,0.013099468,0.006332845,-96.67855,35.18664348,45.60024314,295.4084146
750,2079278,10.7912291,0.295722361,0.014257374,0.005929379,-96.78290847,33.05983559,164.9906872,1585.932664
751,744570,8.248641611,0.410688576,0.014394683,0.005948901,-96.43015,32.54874038,141.2472961,632.7349147
752,1263321,9.741364111,0.15916776,0.014143084,0.00585542,-96.79953061,32.81017959,199.6601956,3398.211458
754,336587,6.148618073,0.560766507,0.014425331,0.006096357,-95.80882083,33.37073194,85.11459728,669.6214477
755,126209,5.602923123,0.415538108,0.014575952,0.006316581,-94.38547826,33.26562609,75.8807566,629.0376185
756,334715,6.474258066,0.474674153,0.014976632,0.00615906,-94.62144474,32.4826,83.10195009,435.9080811
757,347709,6.114045236,0.329458296,0.014820901,0.006032443,-95.33689211,32.24483421,95.09890433,708.6274505
758,127245,5.983338909,0.917438643,0.015404416,0.00600186,-95.72961154,31.48097308,132.4009923,237.9277742
759,258651,5.793794354,0.33245512,0.015737807,0.006124277,-94.35977727,31.29154091,80.80541463,432.9018133
760,1148108,10.30302943,0.340057574,0.01401885,0.005813589,-97.35652881,32.64548644,167.6224808,1944.497034
761,908281,9.175561198,0.334800389,0.013938497,0.005802527,-97.32881111,32.76339444,129.0983888,2020.423829
762,441174,8.163133161,0.408834564,0.014240497,0.006038107,-97.29106923,33.42267436,151.4023777,860.0827646
763,174646,6.025548098,0.530519732,0.013526772,0.006051805,-98.76528571,33.78438571,81.87997332,402.1986922
764,143431,5.961073656,0.652334749,0.013982563,0.005786743,-98.51216596,32.5446234,62.19114507,284.3796497
765,475285,6.994460779,0.293384651,0.014739342,0.005900273,-97.54475208,31.0907625,117.7069562,1206.007853
766,160604,5.755485843,0.533779772,0.014859601,0.006018458,-97.0237125,31.75257857,85.65264668,371.062317
767,172272,5.437517012,0.627743233,0.015024691,0.006072713,-97.15503,31.55381,117.2643913,782.0566758
769,129944,5.200450835,0.711141334,0.013399147,0.005382963,-100.5985167,31.38929583,53.91327111,448.077418
770,2906700,12.34130684,0.092826008,0.016672976,0.005766316,-95.41497396,29.77573854,190.7372982,3066.842033
773,1074394,9.330435109,0.209005915,0.016626722,0.005844778,-95.30870364,30.34632545,228.6499885,2042.040587
774,1015971,10.47411058,0.136535035,0.016919981,0.005842959,-95.96886429,29.45318571,236.3061475,1277.220501
775,1138261,9.077943206,0.222354462,0.016920363,0.005841325,-95.04053393,29.61431964,193.6383586,1092.938797
776,271613,5.863983555,0.433611889,0.01617504,0.005579948,-94.16736667,30.10418,93.98474854,413.569445
777,142692,4.324419399,0.475316852,0.016059467,0.005542972,-94.157875,30.0700125,102.1894596,663.2600303
778,298906,7.142121983,0.358980321,0.016198903,0.006013768,-96.30993333,30.67817,147.1792255,4436.113379
779,164221,4.825910884,0.559488452,0.017942701,0.005880099,-96.90144848,28.86192727,88.37955082,417.8783966
780,537424,7.392958312,0.305489993,0.017625463,0.006112788,-98.89111273,28.95788909,129.1878176,788.0962831
781,382990,6.95941426,0.346882889,0.016118941,0.005908696,-97.99082195,29.15619512,148.7553141,541.897835
782,1595797,9.610080998,0.195861198,0.016304978,0.00597612,-98.51510164,29.4698459,210.9109053,2306.633482
783,231944,7.68087808,0.441366825,0.01843344,0.005896216,-97.84752093,27.73783953,78.77435094,432.4920391
784,306433,7.759933878,0.517085306,0.017884997,0.005451674,-97.42135,27.7464,136.9109184,907.1089259
785,1264561,10.78652647,0.116219928,0.01991782,0.005367268,-98.06726897,26.29668276,105.2098631,1062.7458
786,853972,7.408500615,0.272600562,0.015484929,0.005937616,-97.95420161,30.25614194,164.0382735,1248.54045
787,940359,7.736167756,0.147376867,0.015593201,0.006028752,-97.767825,30.30513864,239.197284,2445.439443
789,68929,5.122562031,0.373436583,0.016480864,0.005972849,-96.814524,29.910224,42.92996659,224.6654734
790,225016,6.313068348,0.564726334,0.01036876,0.005076611,-101.577613,35.36051449,36.45964057,290.8035127
791,220580,6.033241789,0.35115866,0.010384178,0.005065255,-101.8415867,35.22661333,76.86095812,1326.527208
797,386126,7.244812207,0.43227564,0.011866705,0.005210113,-102.5249979,31.69635745,76.41689418,491.5755506
799,749635,6.489330853,0.200328322,0.008616757,0.004365522,-106.197428,31.75368,101.9455117,1694.012158
800,777516,8.423007927,0.203323567,0.006826807,0.00366093,-104.9569074,39.80386667,135.6364934,1365.927281
801,641852,7.991818462,0.229678584,0.006742805,0.003600994,-104.7800486,39.49237429,129.3170077,1330.15305
802,990452,8.392302825,0.18934192,0.006747596,0.003622969,-104.9777884,39.74538605,141.0142618,1799.448608
804,211649,6.067651648,0.310894241,0.005533867,0.003070483,-105.93455,39.83856552,84.56501063,2296.830815
805,489677,6.692123912,0.363472796,0.006754491,0.003634827,-105.1617394,40.40573333,116.8125146,644.4082936
806,254293,6.241471455,0.351614528,0.00715869,0.003886265,-104.5975808,40.33413846,80.85117247,674.7965822
808,115543,5.883221823,0.391265722,0.007080582,0.003853677,-103.8186237,39.07687368,72.73755916,232.3500168
809,525713,7.149393002,0.250126272,0.006811553,0.003692054,-104.736229,38.84505806,98.92020264,754.7888094
810,230367,5.751035225,0.394048776,0.0076762,0.004046422,-103.7297192,37.89907308,54.13328099,463.7181781
811,71186,4.346620307,0.484129109,0.005176958,0.00272319,-106.1850759,37.44941724,29.59177471,200.448771
826,91238,4.341243786,0.562799987,0.006789445,0.003646906,-106.6575611,43.11223333,44.19170195,394.8235536
836,433929,6.659972777,0.374176148,0.007391777,0.003463815,-116.2795981,43.89376731,53.91544608,308.9376504
837,255947,6.633245863,0.357323878,0.007056336,0.003058783,-116.20564,43.62065,91.95972962,1241.258361
838,248514,6.393458264,0.544672477,0.007428213,0.003464666,-116.525385,47.65237833,38.9051743,453.0697205
840,1239170,9.568179218,0.334504313,0.006455238,0.002769452,-111.4162675,40.64279157,97.10138279,601.3410429
841,594043,8.245773262,0.379465499,0.006539765,0.00274894,-111.8797833,40.7242375,103.2727227,2179.994694
850,1320630,9.047670446,0.108137599,0.008710262,0.004045138,-112.0843814,33.53721395,122.1675554,2271.638303
852,1424211,8.447356256,0.118898733,0.008807352,0.004113426,-111.8032864,33.44714773,148.57829,1919.74738
853,1263226,8.599903272,0.128986104,0.008960235,0.004079086,-112.9086716,33.46843433,92.7099499,666.440392
856,296531,6.280892842,0.198152638,0.008075591,0.004152463,-110.4533523,31.86241136,71.84824223,421.7959083
857,880383,8.278308123,0.111910489,0.008691105,0.004524561,-110.9592914,32.23578,122.1839753,2370.28777
859,77912,5.87484431,0.451494457,0.006998016,0.003444224,-109.868272,34.223284,34.69711204,264.0137118
864,193625,5.124272377,0.463553457,0.007251367,0.003316746,-114.1072783,35.27623913,31.005478,321.0345327
880,272577,6.655622811,0.142037645,0.008534877,0.004460247,-107.5675261,32.41345652,50.56204093,464.2957819
882,184020,4.811925274,0.540640999,0.010221082,0.004848949,-103.9506591,32.77019091,35.75162706,224.6879507
890,582295,7.238823456,0.179943052,0.006475392,0.002918184,-115.41432,36.58084667,132.1897634,833.4381998
891,1418650,8.666166835,0.157368694,0.006515562,0.002982548,-115.2203182,36.14148864,176.3712341,6556.71319
894,290076,5.328679742,0.315340676,0.007405814,0.002629269,-119.0655273,39.69993864,66.60213555,477.3178327
895,276896,5.590378468,0.300668847,0.007293134,0.002582246,-119.8097583,39.58001667,112.1448384,1438.53027
900,2404395,10.97094973,0.057557706,0.011387679,0.003433423,-118.3053647,34.04243088,183.8225714,7133.620749
902,1240199,10.15966458,0.057527248,0.01135345,0.003169541,-118.3542457,33.94708286,186.2795541,2607.398063
903,135222,4.95150434,0.2114373,0.011271946,0.003100638,-118.34684,33.95368,169.4812791,410.3692151
904,92043,4.870588765,0.166312146,0.011030129,0.00324921,-118.48662,34.0234,94.57844949,714.5646453
905,174353,7.88123051,0.095585675,0.011425757,0.003131247,-118.3281,33.84453333,212.3906038,1338.862578
906,726229,9.001215134,0.104957695,0.011672459,0.003335032,-118.0313882,33.92138235,235.7505503,803.1184656
907,617239,8.717765737,0.102638026,0.011585789,0.003228192,-118.18215,33.79448636,224.6007211,950.4284285
908,471952,8.067793564,0.121262085,0.011750346,0.003280981,-118.1647462,33.79386923,215.947331,2025.85667
910,283340,7.4397742,0.128146926,0.010949866,0.003687186,-118.1228,34.18573846,187.7303964,723.1518756
911,166475,6.90367697,0.094161486,0.011189064,0.003668919,-118.1317571,34.14851429,165.2218784,1189.594795
912,203173,6.719111583,0.106147973,0.01132937,0.003743999,-118.25486,34.1674,209.4852436,737.4431192
913,1363863,10.67108982,0.079695226,0.011200693,0.003866427,-118.5833605,34.26857632,324.5326499,1081.536706
914,305280,7.037275435,0.089232353,0.011625299,0.004097448,-118.4577,34.1778,292.3435154,834.2335572
915,106841,5.60309019,0.172608456,0.011339479,0.00395093,-118.31992,34.1853,192.6956777,17975.12845
916,212915,6.274143099,0.114781162,0.011422929,0.003985402,-118.3817857,34.16525714,250.2231028,7349.679796
917,1924074,10.87847206,0.080462948,0.011901197,0.00380564,-117.8289413,34.07893913,280.4096042,740.2950585
918,83057,6.998616741,0.195735967,0.011373322,0.003555578,-118.13675,34.0827,175.5694124,535.9380732
919,544448,7.660010825,0.21731421,0.011454276,0.003078077,-116.785624,32.698852,222.4631796,708.6870686
920,1253142,8.543130226,0.181626726,0.011525059,0.00311826,-117.0727442,33.12157907,244.0693834,1414.497201
921,1294368,7.733770734,0.183138858,0.011344489,0.003050017,-117.1372308,32.78016667,233.9756966,2761.720109
922,770063,8.625046969,0.115171032,0.011755985,0.004480667,-115.9044729,33.60634583,127.5810219,562.6315295
923,1126185,8.813154594,0.115726333,0.011452181,0.004240553,-116.9869683,34.49854,196.110241,1084.214601
924,236660,7.562181529,0.211507339,0.012016028,0.00431333,-117.2977,34.13685714,183.4168794,2241.90977
925,1364275,9.881919514,0.135345362,0.012305313,0.004151927,-117.1634821,33.75446923,294.5214827,948.2546345
926,1275973,9.094248079,0.119283492,0.012064631,0.003537,-117.7799452,33.62794762,299.1824233,1562.942909
927,484908,8.246382958,0.084715332,0.011922658,0.003455908,-117.8631,33.738,242.698717,1748.65761
928,1228127,9.540822697,0.099379476,0.012080611,0.003674212,-117.8210091,33.84102424,300.2921639,1746.566633
930,687979,8.961698429,0.152236587,0.010790268,0.002923621,-119.1401458,34.24271667,209.4790911,933.1422884
931,186133,6.491872351,0.280956689,0.010249519,0.002020254,-119.7724,34.4530875,146.6443742,690.186955
932,778666,10.13594385,0.189703599,0.011275571,0.003425782,-119.1887871,35.83458065,99.29753159,601.4127195
933,520197,8.13327243,0.198276034,0.01007342,0.002944074,-119.0174545,35.35763636,119.0733956,1051.075952
934,491544,7.306333664,0.231710365,0.009702536,0.001799747,-120.5664343,35.20714571,100.3581681,502.6727276
935,529275,6.345272105,0.154228333,0.008746985,0.003129739,-118.1137214,35.62602143,181.7196053,542.0804132
936,586109,8.226271643,0.181084358,0.01145955,0.003444108,-119.6884793,36.8466569,95.2570204,720.3786385
937,566216,7.919632934,0.171798008,0.011433901,0.003391957,-119.7974529,36.77472353,113.6251673,1147.019689
939,385086,7.741977718,0.151409521,0.009790193,0.001973049,-121.5691375,36.47500833,199.7191648,819.0526425
940,814542,9.751857421,0.100492149,0.010818113,0.002916865,-122.2632545,37.46713333,204.1704647,2723.985894
941,805301,8.620059663,0.084814396,0.009692034,0.002343213,-122.4285714,37.76423214,209.1876391,3709.133119
943,106420,5.72482069,0.218904845,0.010737728,0.002808268,-122.14986,37.4221,149.5487721,7015.627178
944,131801,5.857536552,0.104881557,0.010320292,0.002591391,-122.308725,37.54875,208.7044986,1234.664382
945,2274102,11.73503296,0.110435133,0.010787352,0.003069584,-122.0558476,37.9425439,232.4909803,969.8854121
946,409478,7.710471794,0.094725163,0.010244864,0.002637017,-122.2228,37.79682,153.7790736,1532.382665
947,138207,6.413231346,0.169774847,0.010238018,0.002659566,-122.27227,37.87691,171.8128871,2945.661568
948,166367,6.823799335,0.143754088,0.010262886,0.00269801,-122.3307833,37.94245,158.32286,505.5674458
949,379560,8.211621857,0.086177441,0.010096306,0.002420469,-122.6829389,38.08075556,206.6051726,577.8492346
950,818436,9.009996812,0.131565528,0.010302512,0.00253056,-121.8589026,37.08764615,172.3314543,1410.719621
951,974040,9.317765038,0.111723133,0.010989256,0.003038758,-121.8504414,37.31157586,215.9080227,2266.582636
952,500427,7.655865592,0.172941312,0.011863254,0.003788168,-120.937678,38.1205561,133.2097825,769.6734445
953,1023396,9.373528034,0.175278265,0.011608904,0.003516419,-120.6717829,37.64038714,139.2012809,665.8660153
954,507823,6.059163374,0.178532214,0.010378084,0.002605739,-123.0733818,38.89501818,140.0969515,374.3556358
955,166360,5.425354702,0.405923977,0.00889515,0.001916645,-123.8873087,40.68183913,69.38332386,326.4093725
956,1169245,8.692468418,0.134000783,0.011873744,0.00395508,-121.2775821,38.642675,156.4518698,1090.467297
957,307626,7.439942107,0.160662178,0.011567024,0.003829324,-120.8704609,38.89972174,173.0873092,899.0649076
958,802578,8.562259824,0.094568383,0.011989217,0.004051962,-121.4368966,38.5757,135.8000099,1687.762116
959,516655,6.739838077,0.282419728,0.010947509,0.003556885,-121.5011455,39.48725606,89.43999102,400.1515916
960,299938,4.985644165,0.345222833,0.009856656,0.00335267,-122.2771662,40.9037027,65.22815049,322.4380569
961,117236,4.664897533,0.350382993,0.008217241,0.002889371,-120.2801114,40.03259773,78.91347269,244.9931864
970,771280,8.952397473,0.213242125,0.009785475,0.003817972,-122.22098,45.433145,125.1828623,786.7508174
971,319301,6.539196824,0.306352284,0.009638922,0.003578437,-123.4838805,45.53535366,94.17794753,847.2953359
972,841711,8.241018412,0.198929755,0.009770976,0.003808483,-122.6592294,45.51900294,87.22382977,1393.994545
973,597566,7.95613648,0.216185658,0.009557546,0.003395608,-123.1998968,44.7439371,95.75831215,629.1516837
974,555743,7.21025847,0.330481472,0.008856041,0.002690374,-123.4124675,43.56807662,75.29916113,682.573905
975,284396,5.663848162,0.560359727,0.00879037,0.002909103,-123.0810042,42.3845375,74.29238659,344.0210617
977,212173,6.022882015,0.42907092,0.008430764,0.003504142,-120.51803,43.82631667,66.94355282,350.4218066
980,1348522,9.599611274,0.187014626,0.008537552,0.002878415,-122.1204204,47.55797407,189.5412225,4892.461602
981,860817,8.655230422,0.118879838,0.008385803,0.002694626,-122.3352308,47.59481282,97.04616355,3940.528726
982,877485,7.255948303,0.180248168,0.008317453,0.00274691,-122.2878015,48.374,157.4970275,3737.070507
983,713608,7.749062236,0.278953172,0.008649644,0.002992226,-122.6831279,47.44649118,166.8436469,545.9984339
984,400115,6.496984501,0.279156259,0.00882885,0.003072455,-122.4715,47.2032,166.3113497,999.0798787
985,475554,6.593078815,0.244262479,0.009081217,0.003274049,-123.2433667,46.93663016,107.5105099,699.1790639
986,573330,8.08212179,0.141264974,0.009738665,0.003756731,-122.4737945,45.9461,96.68137,606.1127209
988,219761,5.304356349,0.434748517,0.007497341,0.003227952,-119.9000778,47.88016889,51.19552256,333.7586998
990,142008,4.787841888,0.493101557,0.00762111,0.003417955,-117.4453903,47.62169355,76.81728733,559.4540705
991,115238,6.203560329,0.515820195,0.007268626,0.003147384,-118.0050831,47.81911692,38.23790527,775.5795481
992,342856,6.349669812,0.355056579,0.007652616,0.003436172,-117.3756143,47.67742857,74.66900208,610.0689807
993,348984,5.087244894,0.415005879,0.008843331,0.003982231,-118.9636029,46.35642,77.66626656,564.4082705